Project Name,1:1 Meeting Notes,Auto Progress %,Challenges Faced,Client,Completed Tasks,Completion Date,Course Tasks,Course Tasks Count,Description,Difficulty Level,Feedback,Field Progress,GitHub Repo,Growth Areas,Key Achievements,Learning Notes,Learning Outcomes,Live Demo,Next Steps,Progress Percentage,Project Health,Project Type,Project URL,Related Tasks,Revision History,Skills Used,Status,Tasks in Progress,Time Spent,Total Tasks
1:1 notes,,0,,,,,,,,,,,,,,,,,,,⚪ Not Started,,,,,,In Progress,,,
Personal Portfolio Website,Meeting with mentor (Oct 26): Discussed accessibility improvements. Mentor suggested using semantic HTML more consistently. Recommended adding keyboard navigation support and ARIA labels. Follow up next week with improvements.,0,,Self,,"November 15, 2025",,,"A comprehensive portfolio website showcasing my projects, skills, and professional journey.",,Initial peer review suggests strong visual hierarchy but recommends improving mobile responsiveness.,Intermediate,,"Design Thinking, Technical Skills, User Experience",Implemented a custom theme switcher and optimized image loading for performance.,Learned about intersection observer API for scroll animations. Discovered more efficient ways to structure React components. CSS Grid made layout implementation much easier than anticipated.,,,,100%,⚪ Not Started,Web Development,,,"v0.1 (Oct 20): Initial wireframes and planning
v0.2 (Oct 24): Basic page structure and navigation
v0.3 (Oct 27): Project showcase section
v0.4 (Oct 29): Contact form implementation","CSS, HTML, JavaScript, React",In Progress,,28,
E-commerce Dashboard,Client meeting (Oct 27): Walked through final features. Client is impressed with inventory tracking but requested simpler order creation process. Scheduled training session for staff next week. Need to create user documentation by Nov 3.,0,,Local Boutique,,"October 31, 2025",,,"Admin dashboard for small business to manage inventory, orders, and customer information.",,"""The dashboard has streamlined our inventory management process tremendously. Still need some UX improvements in the order processing section.""",Advanced,,"Communication, Technical Skills, User Experience",Reduced order processing time by 40% and implemented real-time inventory tracking.,Learned about state management patterns in complex applications. Improved understanding of database relationships and query optimization. Discovered effective ways to present complex data through charts.,,,,100%,⚪ Not Started,Web Development,,,"v0.1 (Oct 10): Initial dashboard structure
v0.2 (Oct 15): Inventory management module
v0.3 (Oct 22): Order processing system
v0.4 (Oct 28): Reporting and analytics features","CSS, JavaScript, Node.js, React",Review,,50,
Data Visualization Study,Meeting with research advisor (Oct 28): Discussed project scope and methodology. Advisor suggested narrowing focus to pediatric data specifically. Recommended reviewing recent papers from Healthcare Informatics Journal. Need to prepare literature review by next meeting.,0,,Healthcare Analytics Team,,"December 15, 2025",,,Research project exploring effective visualization methods for complex datasets in healthcare.,,Initial project proposal received positive feedback from research committee.,Beginner,,"Communication, Research Methods, Technical Skills",Secured access to anonymized healthcare datasets for research purposes.,Studying existing research on healthcare data visualization. Learning about HIPAA compliance requirements for data handling. Exploring visualization libraries and their capabilities.,,,,1000%,⚪ Not Started,Research,,,"v0.1 (Oct 29): Project proposal and scope document
v0.2 (Oct 30): Research methodology planning","JavaScript, Python, SQL",In Progress,,8,
Tech_notes,,0,,,,,,,,,,Beginner,,Technical Skills,,,,,,100%,⚪ Not Started,Writing,https://github.com/Aryankatiyarcsjmu/MPpfolderp/tree/master,,,"CSS, Git, HTML, JavaScript, Python, SQL",In Progress,,,
LC_VC,,0,,,,,,,,,,Beginner,,"Communication, Scalability, Time Management",,,,,,100%,⚪ Not Started,,,,,,Review,,,
Tech Project,,0,,,,,,,,,,,,,,,,,,,⚪ Not Started,,,,,,In Progress,,,
🧮 DSA Implementation Template,,0,What problems did you encounter and how did you solve them?,,,,,,Template for data structures and algorithms implementation projects.,Intermediate,,,,,,,What did you learn from implementing these algorithms?,,What additional algorithms or optimizations would you explore?,,⚪ Not Started,Writing,,,,"Git, Python",In Progress,,,
☕ Java Console App Template,,0,What problems did you encounter and how did you solve them?,,,,,,Template for Java console applications. Replace this content with your project details.,Beginner,,,,,,,What did you learn from building this project?,,What improvements or features would you add next?,,⚪ Not Started,Writing,,,,Git,In Progress,,,
🌐 Full Stack Project Template,,0,What problems did you encounter and how did you solve them?,,,,,,Template for full-stack web applications. Replace this content with your project details.,Intermediate,,,,,,,What did you learn from building this project?,,What improvements or features would you add next?,,⚪ Not Started,Web Development,,,,"CSS, HTML, JavaScript",In Progress,,,
📝 Web Project Template,,0,What problems did you encounter and how did you solve them?,,,,,,Template for web development projects. Replace this content with your project details.,Beginner,,,,,,,What did you learn from building this project?,,What improvements or features would you add next?,,⚪ Not Started,Web Development,,,,"CSS, HTML, JavaScript",In Progress,,,
"Badges Interview Question Incidents (LeetCode + Rounds) (https://www.notion.so/191cdf7a3c1446658e22c275a73b22ce?pvs=21) ",,0,,,,,,,,,,Intermediate,,Technical Skills,,,,,,98%,⚪ Not Started,,,,,,In Progress,,,